,Time,Thrust,Prop. Mass,Chamber Pressure,Klemmung,Web Thickness
0,0.0,569.6815946130238,14.797672785068084,1500000.0,625.3421550094519,0.0
1,0.01,864.9137543404358,14.782362406720866,1981472.947661748,625.6735917840218,3.40724280532573e-05
2,0.02,1151.3787665463421,14.765262865963198,2436753.6929117246,626.0426769291257,7.210514524669206e-05
3,0.03,1418.320131691565,14.746696849436965,2854323.447157561,626.4421905777848,0.00011337544572102701
4,0.04,1660.7002541454867,14.726921050143385,3229543.443502035,626.866285843787,0.00015730641585334266
5,0.05,1876.948148370284,14.706141630315692,3561926.9946489977,627.3102129830627,0.00020343368909587898
6,0.060000000000000005,2067.5248342774544,14.684527291057782,3853375.269061122,627.7702639371018,0.0002513808190809223
7,0.07,2234.014337753677,14.662214394671992,4107053.756693794,628.24330361828,0.000300840846365653
8,0.08,2378.5539544755898,14.639314437554068,4326688.339919925,628.7267403218164,0.000351562282160637
9,0.09,2503.4843677684744,14.615920894527495,4516135.824721822,629.2186053472185,0.0004033382830496368
10,0.09999999999999999,2611.1415762935703,14.592109322555462,4679132.552572032,629.7171271150136,0.0004559981792687255
11,0.10999999999999999,2703.738780036884,14.567941863470194,4819156.132459123,630.2208030485884,0.000509400772684586
12,0.11999999999999998,2783.305746540799,14.543472048814733,4939359.600003591,630.7285733841313,0.0005634289827322565
13,0.12999999999999998,2851.6640723524406,14.518743286155242,5042550.642801379,631.2394566599352,0.0006179855379735293
14,0.13999999999999999,2910.4233697763266,14.49379173939113,5131196.586745833,631.7526383513805,0.0006729894896581176
15,0.15,2960.9900683147384,14.468646696907014,5207444.684059842,632.2673568721038,0.000728373373027356
16,0.16,3004.5826959370243,14.44333406393086,5273149.766191252,632.7831138829699,0.0007840808870987081
17,0.17,3042.250519647832,14.41787519224881,5329905.396764792,633.2994642286498,0.0008400649905651659
18,0.18000000000000002,3074.892620644963,14.392287740087196,5379074.655275428,633.8160150318478,0.000896286336524182
19,0.19000000000000003,3103.27646344483,14.366586513686297,5421819.483543846,634.3324379653708,0.0009527119808116308
20,0.20000000000000004,3128.055251553189,14.34078394107514,5459127.755934409,634.8484583012975,0.0010093143138221036
21,0.21000000000000005,3149.7836774524667,14.314889968410503,5491837.631298708,635.3637974195273,0.0010660701756440413
22,0.22000000000000006,3168.9318773779178,14.288913548854246,5520658.999590914,635.878278235817,0.0011229601218154886
23,0.23000000000000007,3185.8978670647625,14.262862435162837,5546192.50427945,636.3917732517173,0.001179967812710182
24,0.24000000000000007,3201.0182889768857,14.236742858278765,5568945.929165904,636.9041457223617,0.001237079506041066
25,0.25000000000000006,3214.577611167997,14.21056007605423,5589348.190262388,637.4152804224042,0.0012942836342452113
26,0.26000000000000006,3226.81607824221,14.184318530448873,5607761.405010714,637.9250800930713,0.0013515704517165356
27,0.2700000000000001,3237.936506855057,14.158021978868641,5624491.191643992,638.4334624864248,0.001408931740327524
28,0.2800000000000001,3248.1100734568836,14.131673603996541,5639795.430387721,638.940357904361,0.001466360563391365
29,0.2900000000000001,3257.481230312771,14.105275591134516,5653891.697716178,639.4456552658294,0.0015238510599283634
30,0.3000000000000001,3266.171795047566,14.078830592942847,5666963.446324274,639.9493397853448,0.00158139827250346
31,0.3100000000000001,3274.284618432447,14.052340734386986,5679165.542785112,640.451385687299,0.0016389980025881415
32,0.3200000000000001,3281.906526576266,14.025807680518533,5690628.7081027,640.9517560210028,0.0016966466901404591
33,0.3300000000000001,3289.1108064968225,13.999232854715324,5701463.26738487,641.4504190221946,0.001754341312466304
34,0.34000000000000014,3295.959328724258,13.97261747681268,5711762.350621369,641.9473472789757,0.001812079299206512
35,0.35000000000000014,3302.5043370540097,13.945962595143076,5721604.590673803,642.4425170341294,0.0018698584609668945
36,0.36000000000000015,3308.7899570848053,13.919269113472517,5731056.396724428,642.9359076012022,0.0019276769293679265
37,0.37000000000000016,3314.8534674274647,13.892537813658686,5740173.869611645,643.4275008755408,0.0019855331066593266
38,0.38000000000000017,3320.726370788393,13.86576898231859,5749004.415313823,643.9172398155409,0.0020434256233509617
39,0.3900000000000002,3326.435236332447,13.838963420966753,5757588.013825829,644.4051317737352,0.0021013533025662106
40,0.4000000000000002,3332.0025605737196,13.812121843472102,5765958.515359997,644.8911844991237,0.0021593151296768146
41,0.4100000000000002,3337.4474002102447,13.785244706941562,5774144.593225962,645.3753867069394,0.0022173102272753133
42,0.4200000000000002,3342.785877603618,13.758332416235175,5782170.504920926,645.8577282117027,0.0022753378340769005
43,0.4300000000000002,3348.031636317837,13.731385332080405,5790056.777894827,646.3381997564173,0.002333397286957479
44,0.4400000000000002,3353.1962252192393,13.704403777921284,5797820.787719113,646.8167928690573,0.002391488005804644
45,0.45000000000000023,3358.2894224282945,13.677388045702203,5805477.24567721,647.2934997419318,0.0024496094807351034
46,0.46000000000000024,3363.319508622862,13.650338400754391,5813038.61009176,647.768313130237,0.002507761261303887
47,0.47000000000000025,3368.293497684612,13.623255085925981,5820515.433428962,648.2412262667058,0.0025659429473908132
48,0.48000000000000026,3373.217331411425,13.596138064597309,5827916.655307002,648.7122042558306,0.002624154181500034
49,0.49000000000000027,3378.096003071646,13.568987569887797,5835249.788481078,649.1812434526338,0.0026823946422506262
50,0.5000000000000002,3382.933746676051,13.54180404124566,5842521.203560214,649.6483648567433,0.002740664038629209
51,0.5100000000000002,3387.734187688167,13.514587661616789,5849736.3557089185,650.1135629888456,0.0027989621053891842
52,0.5200000000000002,3392.50039777384,13.487338604294354,5856899.867079469,650.5768325857674,0.0028572885993621384
53,0.5300000000000002,3397.2349790060516,13.46005703444222,5864015.653493843,651.0381685697822,0.002915643296108963
54,0.5400000000000003,3401.9401351096985,13.432743110386316,5871087.031623445,651.4975660227096,0.0029740259870827657
55,0.5500000000000003,3406.617731764827,13.405396984709718,5878116.809704888,651.955020164057,0.00303243647722433
56,0.5600000000000003,3411.269347669012,13.378018805181682,5885107.364351538,652.4105263325595,0.003090874582923316
57,0.5700000000000003,3415.896317792261,13.350608715546025,5892060.705618145,652.8640799705873,0.0031493401302888444
58,0.5800000000000003,3420.499770032984,13.323166856190443,5898978.532137273,653.315676610972,0.0032078329536819046
59,0.5900000000000003,3425.080656294319,13.295693295147045,5905862.277861448,653.7653038401432,0.0032663528944694327
60,0.6000000000000003,3429.639767589699,13.268187886732415,5912713.134798567,654.2129246376295,0.0033248997999661494
61,0.6100000000000003,3434.177723534959,13.240651123663605,5919532.037255623,654.6585759952186,0.00338347352246934
62,0.6200000000000003,3438.6951010642256,13.213083137887333,5926319.85527908,655.1022537063833,0.0034420739182356073
63,0.6300000000000003,3443.1923834382437,13.185484060073907,5933077.318047603,655.5439536146824,0.0035007008472172354
64,0.6400000000000003,3447.669974159533,13.157854019873408,5939805.034798602,655.9836716088436,0.0035593541725004573
65,0.6500000000000004,3452.1282087981976,13.130193146133573,5946503.512612152,656.4214036185969,0.0036180337598274302
66,0.6600000000000004,3456.567365046212,13.10250156708517,5953173.1715303995,656.8571456111489,0.003676739477189296
67,0.6700000000000004,3460.9876712690134,13.07477941049971,5959814.357416884,657.290893588194,0.003735471194479625
68,0.6800000000000004,3465.389313781943,13.047026803823664,5966427.352898067,657.7226435833829,0.0037942287831991776
69,0.6900000000000004,3469.7724430441976,13.019243874292611,5973012.386676853,658.1523916601777,0.0038530121162042965
70,0.7000000000000004,3474.137178933442,12.991430749028407,5979569.641463552,658.5801339100349,0.003911821067492409
71,0.7100000000000004,3478.483615239368,12.963587555121807,5986099.260732248,659.0058664508654,0.003970655512019104
72,0.7200000000000004,3482.811823493403,12.93571433865856,5992601.3544788705,659.4295754446861,0.004029515325542093
73,0.7300000000000004,3487.1218425951643,12.907811048616322,5999075.983642111,659.8512348241062,0.004088400384488052
74,0.7400000000000004,3491.413666833839,12.879878079321507,6005523.142115113,660.2708734814817,0.004147310565759501
75,0.7500000000000004,3495.68732708323,12.851915558416227,6011942.878719889,660.6884876246825,0.004206245746472597
76,0.7600000000000005,3499.9428412254792,12.8239236137494,6018335.2227325095,661.1040734836316,0.0042652058041682955
77,0.7700000000000005,3504.1802160544885,12.795902373410943,6024700.1867446,661.5176273096755,0.004324190616734523
78,0.7800000000000005,3508.3994489020547,12.767851965760787,6031037.769107909,661.9291453750559,0.004383200062339677
79,0.7900000000000005,3512.6005290276707,12.73977251945342,6037347.956023572,662.3386239724623,0.004442234019375802
80,0.8000000000000005,3516.7834388068377,12.711664163458593,6043630.723328415,662.7460594146535,0.004501292366410024
81,0.8100000000000005,3520.948154747483,12.68352702707876,6049886.03802286,663.1514480341406,0.004560374982143041
82,0.8200000000000005,3525.094648359732,12.655361239963737,6056113.859578343,663.5547861829195,0.004619481745373641
83,0.8300000000000005,3529.222886900492,12.627166932122934,6062314.141056535,663.9560702322469,0.004678612534968382
84,0.8400000000000005,3533.3328340111048,12.598944233935583,6068486.830067825,664.355296572453,0.004737767229835671
85,0.8500000000000005,3537.424450263687,12.570693276159183,6074631.869592528,664.752461612785,0.004796945708903629
86,0.8600000000000005,3541.4976936294142,12.542414189936455,6080749.198684751,665.1475617812779,0.004856147851101173
87,0.8700000000000006,3545.552519880059,12.51410710072318,6086838.753075945,665.5405927125178,0.0049153735353418705
88,0.8800000000000006,3549.588881854831,12.485771891222454,6092900.464074312,665.9315173590003,0.004974622640510157
89,0.8900000000000006,3553.6066865975927,12.457408955493266,6098934.19419684,666.3203669812837,0.005033895045443367
90,0.9000000000000006,3557.6058919670677,12.429018426316901,6104939.882255923,666.7071380775731,0.005093190628666627
91,0.9100000000000006,3561.5864538006294,12.400600436860246,6110917.4640093865,667.0918271647911,0.005152509268685372
92,0.9200000000000006,3565.548326231461,12.372155120679869,6116866.87263716,667.4744307784995,0.005211850843972629
93,0.9300000000000006,3569.491461961162,12.343682611725171,6122788.039150996,667.8549454728369,0.005271215232958155
94,0.9400000000000006,3573.415812494175,12.31518304434086,6128680.892746795,668.2333678204678,0.005330602314019176
95,0.9500000000000006,3577.3213283394603,12.286656553268712,6134545.361107717,668.6096944125426,0.005390011965472509
96,0.9600000000000006,3581.2079591840857,12.258103273648825,6140381.370665077,668.9839218586679,0.005449444065567848
97,0.9700000000000006,3585.075654042705,12.22952334102038,6146188.846823013,669.3560467868834,0.0055088984924820785
98,0.9800000000000006,3588.9243613863387,12.200916891321981,6151967.71415205,669.7260658436468,0.005568375124314452
99,0.9900000000000007,3592.754029253391,12.172284060891641,6157717.896555963,670.0939756938229,0.005627873839082523
100,1.0000000000000007,3596.5646053453893,12.14362498646649,6163439.31741569,670.4597730206796,0.005687394514718718
101,1.0100000000000007,3600.3560371096078,12.114939805182168,6169131.899713528,670.8234545258857,0.005746937029067469
102,1.0200000000000007,3604.1282718104017,12.086228654572047,6174795.566140381,671.1850169295149,0.00580650125988282
103,1.0300000000000007,3607.881256590845,12.057491672566197,6180430.239188415,671.5444569700495,0.0058660870848264495
104,1.0400000000000007,3611.614938526021,12.028728997490242,6186035.841231188,671.9017714043912,0.005925694381466042
105,1.0500000000000007,3615.329264669113,11.999940768064027,6191612.294592965,672.2569570078688,0.005985323027273971
106,1.0600000000000007,3619.024182091328,11.971127114065407,6197159.52160875,672.6100091752239,0.006044972899626239
107,1.0700000000000007,3622.699636127312,11.94228801505109,6202677.441990271,672.9609005605007,0.006104643875801651
108,1.0800000000000007,3626.3555415924407,11.913423785245067,6208165.929616102,673.309653958402,0.006164335832970967
109,1.0900000000000007,3629.9918507041257,11.884534564953734,6213624.914500876,673.6562662145964,0.006224048648021923
110,1.1000000000000008,3633.6085151657653,11.855620494856433,6219054.3258711565,674.0007341934461,0.006283782197771903
111,1.1100000000000008,3637.205486272323,11.826681716005305,6224454.092324108,674.3430547779992,0.006343536358964008
112,1.1200000000000008,3640.782715001783,11.797718369824954,6229824.141964925,674.6832248699842,0.006403311008263732
113,1.1300000000000008,3644.3401520943694,11.768730598111754,6235164.402525918,675.0212413898097,0.006463106022256159
114,1.1400000000000008,3647.877748121249,11.739718543033018,6240474.801469754,675.3571012765674,0.006522921277443626
115,1.1500000000000008,3651.395453544116,11.710682347125932,6245755.266079045,675.6908014880361,0.0065827566502437655
116,1.1600000000000008,3654.893218766917,11.681622153296344,6251005.7235340895,676.0223390006905,0.0066426120169879
117,1.1700000000000008,3658.3709941807747,11.652538104817404,6256226.100980427,676.3517108097094,0.0067024872539197256
118,1.1800000000000008,3661.8287302030317,11.623430345328078,6261416.325587552,676.6789139289887,0.006762382237194252
119,1.1900000000000008,3665.266377311219,11.594299018831562,6266576.324599992,677.0039453911521,0.006822296842876963
120,1.2000000000000008,3668.683886072615,11.565144269693587,6271706.0253817765,677.3268022475661,0.006882230946943169
121,1.2100000000000009,3672.0812071700034,11.535966242640663,6276805.3554551955,677.6474815683548,0.006942184425277525
122,1.2200000000000009,3675.4582914241346,11.506765082758223,6281874.242534597,677.9659804424161,0.0070021571536736885
123,1.2300000000000009,3678.8150898133244,11.47754093548875,6286912.614555901,678.2822959774369,0.007062149007834112
124,1.2400000000000009,3682.15155349059,11.448293946629786,6291920.399702395,678.5964252999116,0.00712215986336993
125,1.2500000000000009,3685.4676337986375,11.419024262331945,6296897.526427314,678.9083655551589,0.0071821895958009505
126,1.260000000000001,3688.7632822829787,11.389732029096868,6301843.923473614,679.2181139073404,0.0072422380805557225
127,1.270000000000001,3692.038450703448,11.360417393775139,6306759.519891343,679.5256675394787,0.0073023051929716745
128,1.280000000000001,3695.293091044318,11.33108050356416,6311644.24505289,679.8310236534761,0.007362390808295316
129,1.290000000000001,3698.527155523192,11.301721506006027,6316498.02866642,680.1341794701335,0.00742249480168249
130,1.300000000000001,3701.740596598849,11.272340548985335,6321320.80078772,680.4351322291699,0.007482617048198675
131,1.310000000000001,3704.9333669781604,11.242937780727003,6326112.491830669,680.7338791892411,0.007542757422819319
132,1.320000000000001,3708.105419622226,11.213513349794063,6330873.032576511,681.0304176279581,0.00760291580043022
133,1.330000000000001,3711.256707751801,11.184067397487794,6335602.354182081,681.3247434630107,0.007663092055827928
134,1.340000000000001,3714.387183177809,11.154599996391704,6340300.385674434,681.6168399540628,0.007723286063720174
135,1.350000000000001,3717.4967811513507,11.125111383649438,6344967.031215246,681.9067202123041,0.0077834976987169015
136,1.360000000000001,3720.5854585533807,11.09560170915159,6349602.227413482,682.1943815883923,0.00784372683523606
137,1.370000000000001,3723.6531721856118,11.066071123108138,6354205.910745213,682.4798214521303,0.007903973347624407
138,1.380000000000001,3726.699878818227,11.036519776047152,6358778.0176253235,682.7630371924735,0.007964237110155984
139,1.390000000000001,3729.725535231609,11.006947818813316,6363318.4844702305,683.0440262175382,0.008024517997030862
140,1.400000000000001,3732.7300982528386,10.977355402566372,6367827.247752772,683.3227859546104,0.008084815882374124
141,1.410000000000001,3735.7135247876663,10.947742678779482,6372304.244050269,683.5993138501573,0.008145130640235039
142,1.420000000000001,3738.6757718485196,10.918109799237437,6376749.41008665,683.8736073698386,0.008205462144586435
143,1.430000000000001,3741.6167965790532,10.888456916034855,6381162.682769389,684.1456639985201,0.008265810269324212
144,1.440000000000001,3744.5365562757033,10.85878418157428,6385543.9992219275,684.4154812402862,0.008326174888266992
145,1.450000000000001,3747.4350084066054,10.829091748564203,6389893.296812158,684.6830566184533,0.008386555875155894
146,1.460000000000001,3750.3121106282274,10.799379770017081,6394210.513177464,684.9483876755863,0.008446953103654412
147,1.470000000000001,3753.1678208000035,10.76964839924726,6398495.586246762,685.2114719735114,0.00850736644734837
148,1.480000000000001,3756.0020969972193,10.739897789868886,6402748.454259925,685.4723070933329,0.008567795779745984
149,1.490000000000001,3758.814897522382,10.710128095793769,6406969.055784907,685.730890635447,0.008628240974277956
150,1.500000000000001,3761.6061809152425,10.680339471229212,6411157.329732878,685.9872202195605,0.008688701904297661
151,1.5100000000000011,3764.3759059616627,10.650532070675832,6415313.215371606,686.2412934847029,0.008749178443081372
152,1.5200000000000011,3767.124031701469,10.620706048925326,6419436.652337306,686.4931080892457,0.008809670463828525
153,1.5300000000000011,3769.8505174354023,10.590861561058242,6423527.58064516,686.7426617109169,0.008870177839662041
154,1.5400000000000011,3772.5553227312944,10.560998762441711,6427585.940698655,686.9899520468175,0.008930700443628672
155,1.5500000000000012,3775.2384074295655,10.531117808727165,6431611.673297907,687.2349768134388,0.008991238148699376
156,1.5600000000000012,3777.8997316481223,10.501218855848066,6435604.719647082,687.477733746677,0.009051790827769727
157,1.5700000000000012,3780.5392557867217,10.471302060017562,6439565.021361024,687.7182206018512,0.009112358353660343
158,1.5800000000000012,3783.1569405308874,10.441367577726199,6443492.52047121,687.9564351537183,0.00917294059911734
159,1.5900000000000012,3785.7527468554267,10.411415565739581,6447387.159431079,688.1923751964904,0.009233537436812794
160,1.6000000000000012,3788.326636027571,10.381446181096013,6451248.88112085,688.42603854385,0.009294148739345231
161,1.6100000000000012,3790.878569609837,10.351459581104168,6455077.628851856,688.6574230289672,0.009354774379240122
162,1.6200000000000012,3793.4085094625884,10.321455923340725,6458873.34637048,688.8865265045148,0.009415414228950396
163,1.6300000000000012,3795.9164177463726,10.291435365647983,6462635.977861727,689.1133468426852,0.009476068160856955
164,1.6400000000000012,3798.4022569240456,10.261398066131525,6466365.467952479,689.3378819352055,0.009536736047269215
165,1.6500000000000012,3800.8659897627026,10.231344183157795,6470061.761714472,689.5601296933537,0.009597417760425631
166,1.6600000000000013,3803.307579335453,10.201273875351742,6473724.804667025,689.7800880479746,0.00965811317249425
167,1.6700000000000013,3805.7269890230477,10.171187301594417,6477354.542779553,689.9977549494952,0.00971882215557326
168,1.6800000000000013,3808.1241825153825,10.141084621020582,6480950.92247389,690.2131283679404,0.00977954458169155
169,1.6900000000000013,3810.499123812887,10.1109659930163,6484513.8906264445,690.4262062929475,0.009840280322809269
170,1.7000000000000013,3812.851777227808,10.08083157721653,6488043.394570199,690.6369867337831,0.009901029250818387
171,1.7100000000000013,3815.1821073854144,10.050681533502736,6491539.382096583,690.8454677193573,0.009961791237543274
172,1.7200000000000013,3817.4900792251237,10.020516022000452,6495001.801457228,691.0516472982378,0.010022566154741263
173,1.7300000000000013,3819.77565800155,9.990335203076873,6498430.601365615,691.2555235386671,0.010083353874103229
174,1.7400000000000013,3822.0388092854987,9.960139237338437,6501825.730998633,691.4570945285752,0.010144154267254167
175,1.7500000000000013,3824.279498964907,9.9299282856284,6505187.139998054,691.6563583755958,0.01020496720575377
176,1.7600000000000013,3826.4976932457275,9.899702509024413,6508514.778471932,691.853313207079,0.01026579256109701
177,1.7700000000000014,3828.6933586527803,9.869462068836084,6511808.5969959395,692.0479571701076,0.010326630204714719
178,1.7800000000000014,3830.86646203055,9.839207126602554,6515068.546614643,692.2402884315109,0.010387480007974176
179,1.7900000000000014,3833.0169705439685,9.808937844090055,6518294.578842728,692.4303051778776,0.010448341842179689
180,1.8000000000000014,3835.144851679146,9.77865438328949,6521486.645666174,692.6180056155711,0.010509215578573181
181,1.8100000000000014,3837.250073244085,9.74835690641397,6524644.699543383,692.8033879707432,0.010570101088334779
182,1.8200000000000014,3839.332603369367,9.718045575896388,6527768.693406281,692.9864504893475,0.010630998242583399
183,1.8300000000000014,3841.3924105088176,9.687720554386964,6530858.580661372,693.1671914371528,0.010691906912377333
184,1.8400000000000014,3843.429463440145,9.65738200475081,6533914.315190765,693.3456090997573,0.010752826968714841
185,1.8500000000000014,3845.4437312655605,9.62703009006547,6536935.851353173,693.5217017826011,0.010813758282534737
186,1.8600000000000014,3847.4351834123913,9.596664973618477,6539923.143984881,693.6954678109801,0.010874700724716975
187,1.8700000000000014,3849.403789633659,9.566286818904903,6542876.148400695,693.8669055300586,0.010935654166083246
188,1.8800000000000014,3851.3495200086645,9.535895789624876,6545794.820394862,694.0360133048828,0.010996618477397557
189,1.8900000000000015,3853.272344943539,9.50549204968117,6548679.116241976,694.2027895203922,0.011057593529366829
190,1.9000000000000015,3855.172235171796,9.475075763176712,6551528.992697853,694.3672325814343,0.011118579192641484
191,1.9100000000000015,3857.0491617548664,9.444647094412126,6554344.407000403,694.5293409127751,0.011179575337816034
192,1.9200000000000015,3858.9030960826212,9.414206207883279,6557125.316870474,694.6891129591129,0.011240581835429668
193,1.9300000000000015,3860.734009873889,9.383753268278813,6559871.680512681,694.84654718509,0.011301598555966845
194,1.9400000000000015,3862.541875176958,9.353288440477673,6562583.456616222,695.0016420753044,0.011362625369857883
195,1.9500000000000015,3864.326664370071,9.32281188954665,6565260.604355679,695.1543961343226,0.011423662147479549
196,1.9600000000000015,3866.0883501619073,9.292323780737899,6567903.083391805,695.3048078866908,0.011484708759155644
197,1.9700000000000015,3867.8269055920696,9.261824279486477,6570510.853872299,695.4528758769467,0.011545765075157597
198,1.9800000000000015,3869.5423040315486,9.231313551407869,6573083.876432565,695.5985986696313,0.011606830965705053
199,1.9900000000000015,3871.23451918318,9.20079176229551,6575622.112196461,695.7419748492998,0.011667906300966459
200,2.0000000000000013,3872.903525082107,9.170259078118306,6578125.522777037,695.8830030205338,0.011728990951059656
201,2.010000000000001,3874.549296096222,9.139715665018167,6580594.07027726,696.0216818079515,0.011790084786052469
202,2.020000000000001,3876.171806926606,9.109161689307511,6583027.717290728,696.1580098562184,0.011851187675963288
203,2.0300000000000007,3877.771032607973,9.078597317466794,6585426.426902377,696.2919858300596,0.011912299490761667
204,2.0400000000000005,3879.3469485090727,9.04802271614204,6587790.162689166,696.42360841427,0.011973420100368903
205,2.0500000000000003,3880.8995303331403,9.017438052142325,6590118.88872077,696.5528763137236,0.012034549374658627
206,2.06,3882.4287541182875,8.98684349243732,6592412.569560246,696.6797882533855,0.012095687183457394
207,2.07,3883.9345962379202,8.956239204154791,6594671.170264696,696.8043429783213,0.01215683339654527
208,2.0799999999999996,3885.417033401137,8.925625354578113,6596894.65638592,696.9265392537085,0.012217987883656413
209,2.0899999999999994,3886.8760426531258,8.89500211114378,6599082.993971063,697.0463758648447,0.012279150514479671
210,2.099999999999999,3888.3116013755543,8.864369641438921,6601236.149563244,697.1638516171588,0.012340321158659162
211,2.109999999999999,3889.7236872869494,8.833728113198793,6603354.09020218,697.2789653362206,0.01240149968579486
212,2.1199999999999988,3891.112278443082,8.803077694304298,6605436.783424804,697.3917158677503,0.012462685965443185
213,2.1299999999999986,3892.4773532373297,8.772418552779493,6607484.197265867,697.5021020776277,0.01252387986711759
214,2.1399999999999983,3893.8188904010526,8.741750856789078,6609496.300258537,697.6101228519017,0.012585081260289144
215,2.149999999999998,3895.1368690039453,8.711074774635904,6611473.061434981,697.7157770967997,0.012646290014387123
216,2.159999999999998,3896.4312684544016,8.680390474758491,6613414.450326949,697.8190637387371,0.012707505998799587
217,2.1699999999999977,3897.702068499852,8.649698125728499,6615320.436966339,697.9199817243251,0.012768729082873976
218,2.1799999999999975,3898.9492492271215,8.618997896248246,6617190.991885757,698.0185300203805,0.01282995913591769
219,2.1899999999999973,3900.172791062756,8.588289955148207,6619026.086119069,698.1147076139335,0.012891196027198678
220,2.199999999999997,3901.372674773362,8.557574471384498,6620825.69120194,698.2085135122375,0.012952439625946015
221,2.209999999999997,3902.548881465933,8.526851614036381,6622589.779172371,698.2999467427762,0.013013689801350497
222,2.2199999999999966,3903.7013925881697,8.496121552303752,6624318.322571221,698.3890063532727,0.013074946422565221
223,2.2299999999999964,3904.830189928795,8.465384455504633,6626011.294442718,698.4756914116971,0.013136209358706172
224,2.239999999999996,3905.935255617876,8.43464049307268,6627668.668334972,698.5600010062748,0.013197478478852801
225,2.249999999999996,3907.016572127114,8.403889834554644,6629290.4183004685,698.6419342454942,0.013258753652048622
226,2.259999999999996,3908.0741222701563,8.373132649607891,6630876.518896556,698.7214902581146,0.013320034747301781
227,2.2699999999999956,3909.107889202887,8.342369107997873,6632426.94518593,698.7986681931734,0.013381321633585654
228,2.2799999999999954,3910.1178564237143,8.311599379595624,6633941.6727370955,698.8734672199945,0.013442614179839421
229,2.289999999999995,3911.1040077738658,8.280823634375233,6635420.677624841,698.945886528194,0.013503912254968657
230,2.299999999999995,3912.066327437653,8.250042042411357,6636863.936430681,699.0159253276887,0.013565215727845909
231,2.3099999999999947,3913.004799942754,8.219254773876665,6638271.426243303,699.0835828487029,0.013626524467311284
232,2.3199999999999945,3913.9194101604767,8.18846199903937,6639643.124659008,699.1488583417748,0.013687838342173034
233,2.3299999999999943,3914.810143306029,8.157663888260664,6640979.009782133,699.2117510777636,0.013749157221208131
234,2.339999999999994,3915.676984938769,8.126860611992244,6642279.060225466,699.2722603478562,0.013810480973162861
235,2.349999999999994,3916.5199209624598,8.096052340773754,6643543.255110664,699.3303854635736,0.0138718094667534
236,2.3599999999999937,3917.338937625517,8.0652392452303,6644771.574068645,699.3861257567773,0.013933142570666399
237,2.3699999999999934,3918.134021521253,8.034421496069902,6645963.997239983,699.4394805796753,0.013994480153559563
238,2.3799999999999932,3918.9051595881083,8.00359926408098,6647120.5052752895,699.4904493048283,0.014055822084062242
239,2.389999999999993,3919.6523391098867,7.972772720129851,6648241.079335592,699.5390313251562,0.014117168230776007
240,2.399999999999993,3920.375547715977,7.941942035158176,6649325.701092693,699.5852260539426,0.014178518462275233
241,2.4099999999999926,3921.0747733815783,7.911107380180455,6650374.35272953,699.6290329248421,0.014239872647107684
242,2.4199999999999924,3921.7500044279095,7.880268926281495,6651387.016940523,699.6704513918844,0.014301230653795093
243,2.429999999999992,3922.401229522429,7.8494268446139,6652363.676931912,699.7094809294807,0.014362592350833743
244,2.439999999999992,3923.0284376790246,7.818581306395515,6653304.316422089,699.7461210324286,0.014423957606695055
245,2.4499999999999917,3923.631618258225,7.787732482906935,6654208.919641916,699.7803712159171,0.014485326289826163
246,2.4599999999999915,3924.2107609673894,7.756880545488938,6655077.4713350395,699.8122310155317,0.014546698268650501
247,2.4699999999999913,3924.765855860896,7.726025665540004,6655909.9567581965,699.8416999872594,0.014608073411568381
248,2.479999999999991,3925.296893340328,7.6951680145137376,6656706.361681506,699.8687777074932,0.014669451586957576
249,2.489999999999991,3925.8038641546455,7.664307763916383,6657466.672388755,699.8934637730375,0.014730832663173904
250,2.4999999999999907,3926.2867594003633,7.6334450853042535,6658190.875677677,699.9157578011108,0.014792216508551805
251,2.5099999999999905,3926.7455705217203,7.602580150281242,6658878.958860221,699.9356594293517,0.014853602991404929
252,2.5199999999999902,3927.1802893108343,7.571713130496253,6659530.909762811,699.9531683158228,0.01491499198002671
253,2.52999999999999,3927.590907907866,7.540844197640693,6660146.716726593,699.9682841390137,0.014976383342690953
254,2.53999999999999,3927.9774188011684,7.509973523445935,6660726.368607682,699.9810065978462,0.015037776947652412
255,2.5499999999999896,3928.339814827432,7.4791012796807825,6661269.854777395,699.9913354116774,0.015099172663147377
256,2.5599999999999894,3928.678089171826,7.448227638148934,6661777.165122471,699.9992703203035,0.015160570357394243
257,2.569999999999989,3928.9922353681327,7.417352770686456,6662248.290045288,700.0048110839632,0.015221969898594107
258,2.579999999999989,3929.282247298884,7.3864768491592505,6662683.220464075,700.0079574833413,0.015283371154931337
259,2.5899999999999888,3929.5481191954796,7.355600045460512,6663081.9478131,700.0087093195717,0.01534477399457416
260,2.5999999999999885,3929.789845638308,7.324722531508199,6663444.464042869,700.0070664142407,0.015406178285675238
261,2.6099999999999883,3930.007421556868,7.293844479242493,6663770.7616203,700.0030286093901,0.015467583896372256
262,2.619999999999988,3930.2008422298663,7.262966060623276,6664060.833528895,699.9965957675195,0.015528990694788494
263,2.629999999999988,3930.370103285333,7.232087447627575,6664314.673268906,699.9877677715891,0.015590398549033414
264,2.6399999999999877,3930.5152007007073,7.201208812247047,6664532.274857483,699.9765445250234,0.01565180732720324
265,2.6499999999999875,3930.636130802949,7.170330326485427,6664713.632828825,699.9629259517118,0.015713216897381543
266,2.6599999999999873,3930.7328902686086,7.139452162356,6664858.742234311,699.9469119960121,0.01577462712763981
267,2.669999999999987,3930.805476123919,7.108574491879054,6664967.5986426305,699.9285026227527,0.015836037886038042
268,2.679999999999987,3930.853885744872,7.077697487079354,6665040.1981398985,699.9076978172336,0.01589744904062532
269,2.6899999999999866,3930.87811685729,7.046821319983599,6665076.537329768,699.8844975852295,0.01595886045944039
270,2.6999999999999864,3930.8781675368928,7.015946162617883,6665076.613333528,699.8589019529912,0.01602027201051225
271,2.709999999999986,3930.8540362093604,6.985072187005164,6665040.423790199,699.8309109672466,0.016081683561860724
272,2.719999999999986,3930.8057216503857,6.954199565162711,6664967.966856611,699.8005246952027,0.01614309498149705
273,2.7299999999999858,3930.733222985729,6.923328469099592,6664859.2412074795,699.7677432245472,0.016204506137424454
274,2.7399999999999856,3930.6365396912615,6.892459070814092,6664714.246035473,699.732566663449,0.016265916897638736
275,2.7499999999999853,3930.5156715930098,6.8615915422912295,6664532.981051267,699.6949951405599,0.016327327130128844
276,2.759999999999985,3930.370618867185,6.830726055500169,6664315.446483589,699.6550288050154,0.01638873670287747
277,2.769999999999985,3930.2013820402153,6.799862782391719,6664061.643079262,699.6126678264347,0.016450145483861606
278,2.7799999999999847,3930.007961988769,6.769001894895763,6663771.57210323,699.5679123949237,0.01651155334105316
279,2.7899999999999845,3929.79035993978,6.738143564918748,6663445.235338584,699.5207627210721,0.0165729601424195
280,2.7999999999999843,3929.5485774704543,6.707287964341114,6663082.635086566,699.4712190359566,0.016634365755924068
281,2.809999999999984,3929.282616508276,6.676435265014796,6662683.77416658,699.41928159114,0.016695770049526933
282,2.819999999999984,3928.9924793310233,6.64558563876064,6662248.655916181,699.3649506586715,0.016757172891185397
283,2.8299999999999836,3928.6781685667534,6.6147392573659065,6661777.284191063,699.3082265310868,0.016818574148854556
284,2.8399999999999834,3928.339687193801,6.5838962925816915,6661269.663365033,699.2491095214078,0.016879973690487902
285,2.849999999999983,3927.9770385407655,6.553056916120427,6660725.798329983,699.1875999631425,0.01694137138403788
286,2.859999999999983,3927.5902262864906,6.522221299653311,6660145.694495843,699.123698210284,0.017002767097456496
287,2.869999999999983,3927.1792544600444,6.491389614807781,6659529.357790534,699.0574046373115,0.017064160698695877
288,2.8799999999999826,3926.744127440689,6.460562033164981,6658876.794659912,698.9887196391873,0.017125552055708867
289,2.8899999999999824,3926.2848499578445,6.429738726257215,6658188.012067691,698.9176436313579,0.0171869410364496
290,2.899999999999982,3925.8014270910508,6.398919865565408,6657463.017495377,698.8441770497526,0.01724832750887409
291,2.909999999999982,3925.2938642699273,6.368105622516578,6656701.818942174,698.7683203507817,0.0173097113409408
292,2.9199999999999817,3924.762167274117,6.337296168481288,6655904.424924895,698.690074011336,0.017371092400611236
293,2.9299999999999815,3924.2063422332326,6.306491674771107,6655070.844477856,698.6094385287848,0.017432470555850534
294,2.9399999999999813,3923.6263956267967,6.275692312636084,6654201.08715276,698.5264144209759,0.017493845674628025
295,2.949999999999981,3923.022334284178,6.2448982582935955,6653295.163018584,698.4409990737106,0.01755521762491783
296,2.959999999999981,3922.394162533797,6.214109682719753,6652353.078386147,698.3531933861316,0.01761658627469944
297,2.9699999999999807,3921.7418856213185,6.183326752495685,6651374.840934402,698.2630008162693,0.01767795149194272
298,2.9799999999999804,3921.0655119444314,6.152549638600859,6650360.463061993,698.1704219664678,0.017739313144611583
299,2.9899999999999802,3920.3650502055716,6.121778511938647,6649309.957617107,698.0754574595384,0.017800671100679896
300,2.99999999999998,3919.640509415963,6.091013543333927,6648223.337903503,697.9781079387582,0.01786202522813181
301,3.00999999999998,3918.8918988992673,6.060254903530653,6647100.617685957,697.878374067866,0.01792337539496212
302,3.0199999999999796,3918.1192282948596,6.029502763189432,6645941.811195158,697.7762565310613,0.017984721469176658
303,3.0299999999999794,3917.3225075608116,5.998757292885067,6644746.933132136,697.6717560330005,0.01804606331879268
304,3.039999999999979,3916.501746976553,5.968018663104114,6643515.998672239,697.5648732987936,0.018107400811839296
305,3.049999999999979,3915.656957145286,5.937287044242424,6642249.02346871,697.4556090740019,0.018168733816357894
306,3.0599999999999787,3914.7881489961537,5.9065626066026855,6640946.023655915,697.3439641246345,0.01823006220040259
307,3.0699999999999785,3913.895333786189,5.875845520391943,6639607.01585223,697.2299392371452,0.018291385832040683
308,3.0799999999999783,3912.978523102067,5.8451359557191225,6638232.017162632,697.1135352184283,0.018352704579353143
309,3.089999999999978,3912.037728861672,5.814434082592568,6636821.045181028,696.9947528958161,0.01841401831043507
310,3.099999999999978,3911.0729633155124,5.783740070917532,6635374.117992323,696.8735931170739,0.018475326893396204
311,3.1099999999999777,3910.084239047976,5.753054090493715,6633891.254174279,696.7500567503974,0.018536630196361408
312,3.1199999999999775,3909.071568978454,5.722376311012757,6632372.472799159,696.6241446844078,0.018597928087471186
313,3.1299999999999772,3908.0349663623365,5.691706902055745,6630817.793435188,696.4958578281481,0.0186592204348822
314,3.139999999999977,3906.974444791914,5.661046033090722,6629227.236147854,696.3651971110788,0.018720507106767786
315,3.149999999999977,3905.8900181971453,5.630393873470187,6627600.821501037,696.2321634830738,0.018781787971318478
316,3.1599999999999766,3904.78170084637,5.5997505924285935,6625938.570558018,696.0967579144144,0.01884306289674255
317,3.1699999999999764,3903.6495073468955,5.569116359079848,6624240.504882341,695.9589813957867,0.018904331751266545
318,3.179999999999976,3902.4934526455495,5.538491342414801,6622506.646538572,695.8188349382759,0.018965594403135826
319,3.189999999999976,3901.3135520291175,5.507875711298754,6620737.018092942,695.6763195733612,0.01902685072061511
320,3.1999999999999758,3900.1098211247536,5.4772696344689376,6618931.642613896,695.5314363529108,0.019088100571989033
321,3.2099999999999755,3898.882275900307,5.446673280532016,6617090.543672552,695.3841863491762,0.019149343825562687
322,3.2199999999999753,3897.6309326646056,5.416086817961582,6615213.745343074,695.2345706547886,0.01921058034966219
323,3.229999999999975,3896.3558080676858,5.38551041509563,6613301.272202976,695.0825903827513,0.019271810012635244
324,3.239999999999975,3895.0569191009786,5.354944240134072,6611353.149333349,694.9282466664357,0.01933303268285169
325,3.2499999999999747,3893.7342830974508,5.324388461136207,6609369.402319033,694.771540659574,0.019394248228704072
326,3.2599999999999745,3892.3879177317103,5.293843246018228,6607350.057248716,694.6124735362552,0.019455456518608222
327,3.2699999999999743,3891.017841020072,5.263308762550704,6605295.140714999,694.4510464909173,0.0195166574210038
328,3.279999999999974,3889.624071320602,5.232785178356072,6603204.679814393,694.2872607383421,0.019577850804354893
329,3.289999999999974,3888.2066273331106,5.2022726609061305,6601078.702147275,694.1211175136488,0.019639036537150566
330,3.2999999999999736,3886.7655280991376,5.171771377519524,6598917.235817808,693.9526180722875,0.019700214487905453
331,3.3099999999999734,3885.3007930019003,5.141281495359247,6596720.30943381,693.7817636900321,0.019761384525160318
332,3.319999999999973,3883.812441766222,5.110803181430123,6594487.952106599,693.6085556629748,0.019822546517482643
333,3.329999999999973,3882.300494458435,5.080336602576307,6592220.193450784,693.4329953075178,0.019883700333467202
334,3.3399999999999728,3880.764971486264,5.049881925478766,6589917.063584051,693.2550839603675,0.019944845841736645
335,3.3499999999999726,3879.205893598693,5.019439316652786,6587578.593126892,693.0748229785266,0.020005982910942067
336,3.3599999999999723,3877.6232818858025,4.9890089424454604,6585204.813202323,692.8922137392871,0.020067111409763607
337,3.369999999999972,3876.0171577786114,4.958590969033179,6582795.755435573,692.7072576402229,0.020128231206911013
338,3.379999999999972,3874.3875430488774,4.928185562419134,6580351.45195374,692.5199560991824,0.020189342171124242
339,3.3899999999999717,3872.7344598089007,4.8977928884308115,6577871.935385434,692.3303105542808,0.020250444171174036
340,3.3999999999999715,3871.0579305113033,4.867413112717483,6575357.238860392,692.1383224638912,0.020311537075862505
341,3.4099999999999713,3869.3579779488036,4.837046400747715,6572807.396009073,691.9439933066392,0.020372620754023723
342,3.419999999999971,3867.6346252539706,4.806692917806861,6570222.440962235,691.7473245813916,0.0204336950745243
343,3.429999999999971,3865.8878958989676,4.7763528289945585,6567602.408350494,691.5483178072506,0.020494759906263992
344,3.4399999999999706,3864.117813695286,4.746026299222234,6564947.333303856,691.3469745235441,0.020555815118176265
345,3.4499999999999704,3862.324402793469,4.715713493210611,6562257.251451247,691.1432962898183,0.0206168605792289
346,3.45999999999997,3860.507687682826,4.685414575487199,6559532.198920018,690.9372846858278,0.020677896158424584
347,3.46999999999997,3858.6676931911297,4.655129710383811,6556772.21233543,690.7289413115273,0.02073892172480148
348,3.47999999999997,3856.8044444843113,4.62485906203406,6553977.328820134,690.5182677870631,0.02079993714743384
349,3.4899999999999696,3854.917967066141,4.594602794370875,6551147.585993629,690.3052657527637,0.020860942295432592
350,3.4999999999999694,3853.0082867779065,4.56436107112399,6548283.021971711,690.0899368691306,0.020921937037945926
351,3.509999999999969,3851.075429798077,4.534134055817477,6545383.675365905,689.872282816828,0.02098292124415989
352,3.519999999999969,3849.119422641955,4.503921911767241,6542449.585282885,689.6523052966754,0.02104389478329897
353,3.5299999999999687,3847.1402921613367,4.473724802078534,6539480.79132388,689.4300060296363,0.021104857524626718
354,3.5399999999999685,3845.1380655441435,4.44354288964347,6536477.333584072,689.2053867568088,0.021165809337446308
355,3.5499999999999683,3843.1127703140587,4.413376337138536,6533439.252651979,688.9784492394157,0.021226750091101147
356,3.559999999999968,3841.0644343301565,4.383225307022112,6530366.589608825,688.7491952587949,0.02128767965497547
357,3.569999999999968,3838.9930857865165,4.353089961531987,6527259.386027897,688.5176266163884,0.02134859789849494
358,3.5799999999999677,3836.89875321184,4.322970462682869,6524117.6839739,688.2837451337327,0.02140950469112723
359,3.5899999999999674,3834.7814654690524,4.292866972263918,6520941.526002291,688.0475526524482,0.021470399902382635
360,3.5999999999999672,3832.6412517549,4.262779651836258,6517730.955158605,687.8090510342279,0.021531283401814653
361,3.609999999999967,3830.4781415995467,4.232708662730503,6514486.014977775,687.5682421608273,0.021592155059020596
362,3.619999999999967,3828.2921648661522,4.20265416604428,6511206.749483433,687.3251279340536,0.02165301474364218
363,3.6299999999999666,3826.0833517504525,4.172616322639757,6507893.20318721,687.0797102757542,0.021713862325366127
364,3.6399999999999664,3823.8517327803365,4.142595293141166,6504545.421088019,686.8319911278057,0.02177469767392476
365,3.649999999999966,3821.5973388154025,4.112591237932335,6501163.448671333,686.581972452103,0.0218355206590966
366,3.659999999999966,3819.3202010465266,4.08260431715422,6497747.331908444,686.3296562305468,0.02189633115070698
367,3.6699999999999657,3817.0203509954044,4.052634690702434,6494297.117255729,686.0750444650334,0.021957129018628622
368,3.6799999999999655,3814.6978205141163,4.0226825182247845,6490812.851653888,685.8181391774411,0.022017914132782253
369,3.6899999999999653,3812.352641784644,3.9927479591187987,6487294.582527184,685.5589424096212,0.022078686363137208
370,3.699999999999965,3809.984847318425,3.9628311725292753,6483742.35778267,685.2974562233819,0.022139445579712015
371,3.709999999999965,3807.594469955873,3.9329323173458173,6480156.225809406,685.0336827004808,0.022200191652575012
372,3.7199999999999647,3805.181542865901,3.9030515522003664,6476536.235477666,684.7676239426083,0.022260924451844945
373,3.7299999999999645,3802.7460995454385,3.8731890354647533,6472882.436138142,684.4992820713782,0.022321643847691565
374,3.7399999999999642,3800.2881738189444,3.8433449252482412,6469194.877621128,684.2286592283134,0.022382349710336237
375,3.749999999999964,3797.807799837907,3.813519379395064,6465473.610235704,683.955757574834,0.02244304191005254
376,3.759999999999964,3795.3050120803528,3.783712555481987,6461718.684768908,683.680579292244,0.022503720317166874
377,3.7699999999999636,3792.7798453503287,3.7539246108158424,6457930.152484897,683.4031265817185,0.02256438480205906
378,3.7799999999999634,3790.232334777397,3.724155702431088,6454108.0651241,683.1234016642903,0.022625035235162953
379,3.789999999999963,3787.6625158161155,3.6944059870873667,6450252.474902366,682.8414067808371,0.022685671486967034
380,3.799999999999963,3785.070424245513,3.664675621267046,6446363.434510098,682.5571441920673,0.022746293428015023
381,3.8099999999999627,3782.456096168562,3.6349647611727893,6442440.997111376,682.2706161785073,0.02280690092890649
382,3.8199999999999625,3779.81956801164,3.6052735627251127,6438485.216343083,681.9818250404865,0.02286749386029745
383,3.8299999999999623,3777.160876523995,3.575602219260758,6434496.146314007,681.6907661881403,0.022928072092900983
384,3.839999999999962,3774.480053392468,3.54595086410617,6430473.833524663,681.3974461308825,0.022988635497487826
385,3.849999999999962,3771.7771343021827,3.516319639111663,6426418.330461682,681.1018696789369,0.02304918394485695
386,3.8599999999999617,3769.05215730027,3.4867086991162957,6422329.6931428695,680.8040392094034,0.02310971730585663
387,3.8699999999999615,3766.305160726556,3.457118198664322,6418207.978012362,680.5039571191131,0.023170235451396442
388,3.8799999999999613,3763.536183215254,3.42754829200282,6414053.241943074,680.2016258246142,0.023230738252447723
389,3.889999999999961,3760.7452636964567,3.397999133079352,6409865.5422388725,679.8970477621574,0.02329122558004403
390,3.899999999999961,3757.932441397461,3.3684708755395967,6405644.936636468,679.5902253876818,0.023351697305281624
391,3.9099999999999606,3755.0977558439363,3.338963672725,6401391.483307088,679.2811611768002,0.023412153299319963
392,3.9199999999999604,3752.241246860932,3.309477677670379,6397105.240857908,678.9698576247836,0.0234725934333822
393,3.92999999999996,3749.362954573759,3.2800130431015853,6392786.268333293,678.6563172465467,0.0235330175787557
394,3.93999999999996,3746.4629194087415,3.2505699214331205,6388434.625215842,678.3405425766335,0.02359342560679254
395,3.9499999999999598,3743.541182093857,3.221148464765759,6384050.371427263,678.0225361692004,0.023653817388910064
396,3.9599999999999596,3740.597783659265,3.1917488248841916,6379633.567329085,677.7023005980022,0.023714192796591392
397,3.9699999999999593,3737.6327654377424,3.162371153254639,6375184.273723229,677.3798384563748,0.02377455170138597
398,3.979999999999959,3734.6461690650226,3.1330156010224783,6370702.551852432,677.0551523572212,0.023834893974910128
399,3.989999999999959,3731.638036480058,3.103682319009876,6366188.463400561,676.7282449329946,0.023895219488847607
400,3.9999999999999587,3728.608409925203,3.0743714577134056,6361642.070492798,676.3991188356812,0.02395552811495015
401,4.009999999999959,3725.557331946316,3.0450831673016765,6357063.435695722,676.0677767367868,0.02401581972503804
402,4.019999999999959,3722.4848453928166,3.0158175976129638,6352452.622017294,675.734221327317,0.024076094191000676
403,4.0299999999999585,3719.390993417659,2.986574898152822,6347809.692906752,675.3984553177631,0.02413635138479715
404,4.039999999999958,3716.275819477265,2.957355218091725,6343134.712254415,675.0604814380843,0.024196591178456815
405,4.049999999999958,3713.139367331397,2.928158706262685,6338427.744391412,674.7203024376906,0.024256813444079876
406,4.059999999999958,3709.981681042983,2.8989855111588927,6333688.854089339,674.3779210854262,0.024317018053837958
407,4.069999999999958,3706.802804977901,2.869835780931327,6328918.106559851,674.0333401695526,0.02437720487997471
408,4.079999999999957,3703.6027838047166,2.840709663386407,6324115.567454183,673.6865624977298,0.024437373794806386
409,4.089999999999957,3700.3816624943834,2.8116073059836086,6319281.302862616,673.3375908970005,0.024497524670722436
410,4.099999999999957,3697.1394863199107,2.7825288558331085,6314415.379313899,672.986428213771,0.02455765738018611
411,4.109999999999957,3693.876300855984,2.753474459693414,6309517.863774602,672.6330773137947,0.02461777179573504
412,4.119999999999957,3690.5921519785775,2.7244442639690076,6304588.823648436,672.2775410821531,0.02467786778998186
413,4.129999999999956,3687.287085864518,2.695438414707972,6299628.326775526,671.9198224232374,0.0247379452356148
414,4.139999999999956,3683.9611489910235,2.6664570575996414,6294636.441431636,671.5599242607317,0.02479800400539828
415,4.149999999999956,3680.614388135227,2.637500337972242,6289613.236327366,671.1978495375929,0.024858043972173543
416,4.159999999999956,3677.2468503736595,2.6085684007905363,6284558.7806073055,670.833601216033,0.02491806500885923
417,4.1699999999999555,3673.8585830817333,2.5796613906534707,6279473.143849156,670.4671822775005,0.02497806698845202
418,4.179999999999955,3670.4496339331768,2.550779451791822,6274356.396062819,670.0985957226607,0.025038049784027218
419,4.189999999999955,3667.0200508994726,2.521922728065845,6269208.607689461,669.7278445713769,0.025098013268739394
420,4.199999999999955,3663.5698822492614,2.4930913629629377,6264029.84960054,669.354931862692,0.025157957315822977
421,4.209999999999955,3660.0991765477397,2.4642855459198607,6258820.193096815,668.9798541310283,0.02521788179859288
422,4.2199999999999545,3656.6079778793637,2.43550548750864,6253579.702737226,668.602605079155,0.025277786590445116
423,4.229999999999954,3653.096324136935,2.406751220664661,6248308.4337700615,668.223203317764,0.025337671564830296
424,4.239999999999954,3649.564265692564,2.3780228874724565,6243006.46015936,667.841651960552,0.025397536595217342
425,4.249999999999954,3646.0118531419444,2.349320629629871,6237673.85618866,667.4579541402788,0.025457381555163236
426,4.259999999999954,3642.439137309053,2.3206445884459317,6232310.696467958,667.0721130087503,0.025517206318313234
427,4.269999999999953,3638.8461692504097,2.2919949048386776,6226917.0559400385,666.6841317367978,0.025577010758401148
428,4.279999999999953,3635.2330002589624,2.263371719333014,6221493.009886192,666.29401351426,0.025636794749249625
429,4.289999999999953,3631.599681867573,2.2347751720585345,6216038.633931396,665.9017615499633,0.025696558164770473
430,4.299999999999953,3627.9462658522034,2.206205402747338,6210554.004048983,665.5073790717031,0.02575630087896499
431,4.3099999999999525,3624.2728042347558,2.177662550731844,6205039.196564846,665.1108693262228,0.025816022765924346
432,4.319999999999952,3620.579349285646,2.1491467549425924,6199494.288161207,664.7122355791942,0.025875723699829958
433,4.329999999999952,3616.865953526109,2.1206581539060427,6193919.355879993,664.3114811151977,0.02593540355495389
434,4.339999999999952,3613.132669730245,2.0921968857423683,6188314.47712584,663.9086092377015,0.025995062205659294
435,4.349999999999952,3609.379550926859,2.0637630881632436,6182679.72966876,663.5036232690412,0.02605469952640083
436,4.3599999999999515,3605.606650401078,2.035356898469621,6177015.191646491,663.0965265503985,0.026114315391725127
437,4.369999999999951,3601.814021695774,2.00697845354952,6171320.941566566,662.6873224417799,0.026173909676271263
438,4.379999999999951,3598.0017186128184,1.9786278898757967,6165597.058308099,662.2760143219971,0.02623348225477123
439,4.389999999999951,3594.1697952141594,1.9503053435039206,6159843.62112334,661.8626055886431,0.02629303300205044
440,4.399999999999951,3590.318305822755,1.9220109500697429,6154060.709638986,661.4470996580726,0.02635256179302823
441,4.40999999999995,3586.447305023358,1.893744844787273,6148248.403857292,661.0294999653793,0.02641206850271837
442,4.41999999999995,3582.5568476631756,1.8655071624464374,6142406.784156977,660.6098099643731,0.026471553006229605
443,4.42999999999995,3578.646988852406,1.8372980398836032,6136535.931293956,660.1880328201561,0.02653101517876617
444,4.43999999999995,3574.7177837474646,1.8091178603888938,6130635.926075761,659.7641411979424,0.026590454895628356
445,4.4499999999999496,3570.7692660402386,1.7809665119582656,6124706.817060537,659.3381693030633,0.026649872032211794
446,4.459999999999949,3566.801492940546,1.7528441278007163,6118748.688101675,658.9101206624789,0.026709266463883045
447,4.469999999999949,3562.8145218258614,1.7247508406867993,6112761.623286418,658.4799988217226,0.026768638066113692
448,4.479999999999949,3558.8084102485295,1.696686782946649,6106745.706946595,658.0478073448788,0.02682798671448037
449,4.489999999999949,3554.7832159423565,1.6686520864680026,6100701.02366845,657.6135498145644,0.026887312284664844
450,4.4999999999999485,3550.738996828637,1.6406468826941818,6094627.658301606,657.1772298319054,0.02694661465245414
451,4.509999999999948,3546.675811021649,1.612671302622086,6088525.695967238,656.738851016516,0.027005893693740693
452,4.519999999999948,3542.5937168336654,1.5847254768001537,6082395.222065527,656.2984170064768,0.02706514928452255
453,4.529999999999948,3538.492772779517,1.5568095353263123,6076236.322282421,655.8559314583134,0.027124381300903604
454,4.539999999999948,3534.3730375807304,1.528923607845926,6070049.0825957935,655.4113980469721,0.02718358961909384
455,4.549999999999947,3530.2345701692893,1.5010678235497237,6063833.589281006,654.9648204657981,0.02724277411540964
456,4.559999999999947,3526.0774296910404,1.4732423111717168,6057589.928915946,654.5162024265131,0.02730193466627411
457,4.569999999999947,3521.9016755087573,1.4454471989871234,6051318.18838557,654.0655476591909,0.02736107114821739
458,4.579999999999947,3517.7073672049155,1.417682614810261,6045018.454885989,653.6128599122341,0.027420183437877055
459,4.589999999999947,3513.4945645841726,1.3899486859924555,6038690.815928129,653.1581429523508,0.02747927141199848
460,4.599999999999946,3509.263327675596,1.3622455740347772,6032335.359340999,652.7013966165338,0.02753833494743526
461,4.609999999999946,3505.0137140206393,1.3345736818178195,6025952.1691979645,652.2425933921229,0.027597373921149627
462,4.619999999999946,3500.7457600945945,1.3069328319010898,6019541.297909213,651.7817718859422,0.027656388210197124
463,4.629999999999946,3496.4595281954994,1.279323149919703,6013102.836652114,651.3189359365184,0.02771537769160322
464,4.6399999999999455,3492.155080738507,1.2517447610312218,6006636.876760847,650.8540894005166,0.027774342242512295
465,4.649999999999945,3487.832480265353,1.2241977899138436,6000143.50974053,650.3872361527183,0.027833281740187517
466,4.659999999999945,3483.491789453026,1.196682360764557,5993622.8272801805,649.9183800859998,0.027892196062010717
467,4.669999999999945,3479.1330711217392,1.169198597297285,5987074.92126461,649.4475251113082,0.02795108508548237
468,4.679999999999945,3474.7563882422232,1.1417466227410042,5980499.883785307,648.9746751576396,0.028009948688221598
469,4.689999999999944,3470.3618039424045,1.1143265598378382,5973897.807150408,648.4998341720146,0.028068786747966222
470,4.699999999999944,3465.9493815135215,1.0869385308411434,5967268.783893807,648.0230061194553,0.02812759914257288
471,4.709999999999944,3461.519184415711,1.0595826575135716,5960612.906783479,647.5441949829604,0.028186385750017157
472,4.719999999999944,3457.07127628309,1.0322590611251263,5953930.268829067,647.0634047634809,0.02824514644839377
473,4.729999999999944,3452.605720928409,1.0049678624512026,5947220.96328879,646.5806394798958,0.028303881115916776
474,4.739999999999943,3448.1225823472637,0.9777092313634129,5940485.083675719,646.0958978705288,0.02836258963091984
475,4.749999999999943,3443.621921160557,0.9504836224785995,5933722.718412347,645.6091484573651,0.0284212718718565
476,4.759999999999943,3439.103774591173,0.9232907795393356,5926933.920743254,645.1204356323611,0.02847992771727958
477,4.769999999999943,3434.5682090271157,0.8961308214959227,5920118.787713016,644.6297634850122,0.028538557045702975
478,4.7799999999999425,3430.015290923988,0.8690038667894248,5913277.416447848,644.137136122555,0.028597159735771777
479,4.789999999999942,3425.445086816702,0.8419100333500344,5906409.904173136,643.6425576699464,0.028655735666261915
480,4.799999999999942,3420.8576633302728,0.8148494385953653,5899516.348229573,643.1460322698388,0.02871428471607989
481,4.809999999999942,3416.2530871897316,0.7878221994287284,5892596.846088005,642.6475640825578,0.028772806764262554
482,4.819999999999942,3411.6314252292523,0.7608284322373886,5885651.495363066,642.1471572860777,0.028831301689976982
483,4.8299999999999415,3406.9927444005266,0.733868252890793,5878680.393825708,641.6448160759971,0.028889769372520368
484,4.839999999999941,3402.337111780454,0.7069417767387697,5871683.639414698,641.1405446655141,0.028948209691320004
485,4.849999999999941,3397.664594578197,0.6800491186097221,5864661.3302471535,640.6343472854004,0.029006622525933293
486,4.859999999999941,3392.9752601416326,0.6531904037712252,5857613.564628196,640.1262270726515,0.029065007756047808
487,4.869999999999941,3388.269175230511,0.6263662435799164,5850540.439958446,639.6161380889688,0.029123365261481415
488,4.87999999999994,3383.5463737572686,0.5995762527247605,5843442.004247187,639.1041353932333,0.029181694922178068
489,4.88999999999994,3378.8069255636547,0.5728205441179229,5836318.359482047,638.5902232857286,0.02923999661801253
490,4.89999999999994,3374.0509005089493,0.5460992301355458,5829169.607656543,638.0744060841097,0.029298270229002065
491,4.90999999999994,3369.278368484032,0.5194124226162568,5821995.850791166,637.5566881233812,0.02935651563530586
492,4.9199999999999395,3364.4893994243694,0.49276023285960036,5814797.190952827,637.0370737558734,0.029414732717224574
493,4.929999999999939,3359.684063321977,0.46614277162446655,5807573.730272792,636.5155673512191,0.029472921355199938
494,4.939999999999939,3354.862430236458,0.4395601491274738,5800325.570963196,635.9921732963285,0.029531081429814456
495,4.949999999999939,3350.024570305149,0.41301247504131944,5793052.815332262,635.4668959953644,0.029589212821791142
496,4.959999999999939,3345.170553752479,0.3864998584931214,5785755.565798291,634.9397398697162,0.029647315411993364
497,4.9699999999999385,3340.300450898554,0.36002257166541174,5778433.924902543,634.4106935124596,0.029705389081424706
498,4.979999999999938,3335.4143219013704,0.33358100258682366,5771087.979887097,633.8797345763787,0.029763433711228925
499,4.989999999999938,3330.5122104166494,0.3071748261839768,5763717.793160176,633.3469096180103,0.029821449182628645
500,4.999999999999938,3325.594189289467,0.28080414958378974,5756323.470991496,632.8122231271434,0.029879435376825938
501,5.009999999999938,3320.6603313383184,0.2544690793532139,5748905.119590011,632.2756796105789,0.029937392175175742
502,5.019999999999937,3315.710709371114,0.22816972149786427,5741462.845127915,631.7372835921071,0.02999531945918511
503,5.029999999999937,3310.745396199975,0.2019061814605889,5733996.753762819,631.1970396124838,0.030053217110512585
504,5.039999999999937,3305.7644646548943,0.1756785641200277,5726506.951658233,630.6549522294055,0.030111085010967653
505,5.049999999999937,3300.767987596335,0.1494869737891045,5718993.545002468,630.1110260174856,0.030168923042510284
506,5.0599999999999365,3295.7560379268666,0.12333151421350082,5711456.64002608,629.5652655682289,0.030226731087250554
507,5.069999999999936,3290.728688601892,0.09721265876988053,5703896.343017954,629.0176410257695,0.030284509027448343
508,5.079999999999936,3285.6859906652685,0.07113046415854381,5696312.727292937,628.4681616921223,0.030342256745513094
509,5.089999999999936,3280.6279997442766,0.045084720188012226,5688705.873033727,627.9168614096574,0.030399974123871378
510,5.099999999999936,3275.5547913259625,0.019075528528317176,5681075.890267454,627.3637448371978,0.030457661044993527
511,5.1099999999999355,3270.466440828551,0.0,5673422.88889679,0.0,0.03051531739151246
512,5.119999999999935,2870.1376453513503,0.0,5070425.704508953,0.0,0.03057294304622279
513,5.129999999999935,2513.6375322756435,0.0,4531517.802993234,0.0,0.030628066901407392
514,5.139999999999935,2196.45118811848,0.0,4049887.4839214934,0.0,0.030680797571899333
515,5.149999999999935,1914.4947701192618,0.0,3619447.0253631384,0.0,0.03073123895705315
516,5.159999999999934,1664.0811173556115,0.0,3234755.7361581307,0.0,0.030779490445465848
517,5.169999999999934,1441.8867133938256,0.0,2890951.1865443354,0.0,0.030825647110810008
518,5.179999999999934,1244.9203045910715,0.0,2583687.747906521,0.0,0.03086979989916487
519,5.189999999999934,1070.4933615291607,0.0,2309081.6648003254,0.0,0.030912035808214482
520,5.199999999999934,916.1924827020324,0.0,2063661.9649712995,0.0,0.030952438058666022
521,5.209999999999933,779.8537735650474,0.0,1844326.5868803605,0.0,0.030991086258226056
522,5.219999999999933,659.5391856316957,0.0,1648303.170195351,0.0,0.03102805655845782
523,5.229999999999933,553.5147656795891,0.0,1473114.0136474574,0.0,0.031063421804828576
524,5.239999999999933,709.1287066897958,0.0,1316544.7573260039,0.0,0.031097251680242726
525,5.2499999999999325,622.5401815478145,0.0,1176616.3935613702,0.0,0.031129612842343474
526,5.259999999999932,545.9117163169396,0.0,1051560.2526185538,0.0,0.03116056905485358
527,5.269999999999932,478.1324605786065,0.0,939795.6470249718,0.0,0.031190181313214
528,5.279999999999932,418.21119943658545,0.0,839909.891960766,0.0,0.03121850796476797
529,5.289999999999932,365.26392256073484,0.0,750640.4491728838,0.0,0.031245604823727312
530,5.299999999999931,318.5025850539686,0.0,670858.9687151691,0.0,0.03127152528114755
531,5.309999999999931,277.2249569157124,0.0,599557.0268048886,0.0,0.031296320410128455
532,5.319999999999931,240.80546179310176,0.0,535833.3795247206,0.0,0.03132003906644737
533,5.329999999999931,208.6869094501262,0.0,478882.5712592619,0.0,0.03134272798482356
534,5.339999999999931,180.37302919100185,0.0,427984.7538787046,0.0,0.03136443187100327
535,5.34999999999993,155.42171224821257,0.0,382496.58798596903,0.0,0.031385193489846946
536,5.35999999999993,133.43886805852293,0.0,341843.1112206678,0.0,0.03140505374959219
537,5.36999999999993,114.07278907815001,0.0,305510.47083670314,0.0,0.031424051782458426
538,5.37999999999993,97.00889487771427,0.0,273039.4286945658,0.0,0.031442225021752195
539,5.3899999999999295,81.96467529419188,0.0,244019.55657258796,0.0,0.03145960927562489
540,5.399999999999929,68.68454411197143,0.0,218084.04842691342,0.0,0.03147623879762838
541,5.409999999999929,56.934073430331274,0.0,194905.0840280687,0.0,0.031492146354207426
542,5.419999999999929,46.93429239794612,0.0,174189.68537132346,0.0,0.031507363289262
